{"Арендатор":0.4907822176217586,"Арендатором":0.4657969410882873,"Арендодателю":0.34979387146859886,"Арендодателя":0.4247497010690129,"Договора":0.5014901932789606,"Договора.":0.34800920885906517,"Договору":0.3587171845162672,"Российской":0.5014901932789606,"Участка":0.4800742419645566,"Федерации":0.3426552210304642,"арендной":0.9137472560812379,"аренды":0.45865829065015257,"без":0.5121981689361627,"города":0.3872717862688059,"для":0.3301625827637285,"законодательством":0.39441043670694054,"и/или":0.44795031499295057,"или":0.681741116841861,"настоящего":0.601431299412846,"настоящим":0.33551657059232953,"платы":0.4854282297931576,"случае":0.7370656577374047,"соответствии":0.3801331358306712,"срок":0.3908411114878732,"срока":0.3194546071065265}