{"Количество":0.7439864895704962,"МОСКВЫ":0.47925510064357113,"Материалы":1.177598247295632,"Москва,":0.725729152403122,"Общая":0.6344424665662514,"Объекты":0.38796841480670047,"Продолжение":0.40166141768223107,"Российской":0.460997763476197,"Федерации,":0.40622575197407457,"балконов,":0.4746907663517276,"ввод":0.5796704550641288,"веранд":0.4427404263088229,"жилых":0.4883837692272582,"капитального":0.8946095212013327,"кв.м":0.5385914464375371,"лоджий,":0.46556209776804053,"объекта":1.4103792961796522,"площадь":0.6755214751928431,"помещений":0.6937788123602172,"разрешения":0.3834040805148569,"строительства":1.0817472271669177,"том":0.5112054406864759,"ул.":0.37883974622301336,"штук/":0.4838194349354147,"эксплуатацию":0.716600483819435}