{"(наименование":0.5208002540489044,"(расшифровка":0.5906637027627818,"(тыс.":0.5335026992696094,"МОСКВЫ":0.5970149253731343,"Москва,":0.9082248332804065,"Российской":0.8955223880597015,"Федерации,":0.8574150523975865,"адрес)":0.5144490314385519,"выдачу":0.863766275007939,"или":0.8320101619561766,"исполнительной":0.5843124801524293,"капитального":1.1876786281359162,"наименование":0.501746586217847,"объекта":1.213083518577326,"органа":0.8129564941251191,"органа,":0.4953953636074944,"осуществляющего":0.5271514766592569,"подписи)":0.5843124801524293,"разрешения":1.0606541759288663,"стоимость":0.5525563671006669,"строительства":0.825658939345824,"строительства,":0.825658939345824,"строительство)":0.7494442680215941,"субъекта":0.5398539218799618,"уполномоченного":0.8002540489044141}